field_order,field_name,display_label,description,analytical_dimension,field_category,display_unit,data_type,available_count,missing_count,availability_percent,unique_nonmissing_values,source_or_derivation,technical_field
1,UNITID,UNITID,"Project-defined analytical measure for unitid, standardized or derived during data preparation.",Institution identification,Institution identifier,Identifier,int64,1934,0,100.0,1934,"Derived, standardized, or labeled in Notebook 2C from retained College Scorecard source fields.",False
2,OPEID,OPEID,"Project-defined descriptive or categorical field for opeid, created during data preparation.",Institution identification,Institution identifier,Identifier,string,1928,6,99.69,1908,"Derived, standardized, or labeled in Notebook 2C from retained College Scorecard source fields.",False
3,OPEID6,OPEID6,"Project-defined descriptive or categorical field for opeid6, created during data preparation.",Institution identification,Institution identifier,Identifier,string,1928,6,99.69,1770,"Derived, standardized, or labeled in Notebook 2C from retained College Scorecard source fields.",False
4,INSTNM,INSTNM,"Project-defined descriptive or categorical field for instnm, created during data preparation.",Institution identification,Institution identifier,Text or category,object,1934,0,100.0,1921,"Derived, standardized, or labeled in Notebook 2C from retained College Scorecard source fields.",False
5,ALIAS,ALIAS,"Project-defined descriptive or categorical field for alias, created during data preparation.",Institution identification,Institution identifier,Text or category,object,951,983,49.17,911,"Derived, standardized, or labeled in Notebook 2C from retained College Scorecard source fields.",False
6,CITY,CITY,"Project-defined descriptive or categorical field for city, created during data preparation.",Geography,Constructed descriptive field,Text or category,object,1934,0,100.0,1070,"Derived, standardized, or labeled in Notebook 2C from retained College Scorecard source fields.",False
7,STABBR,STABBR,"Project-defined descriptive or categorical field for stabbr, created during data preparation.",Geography,Constructed descriptive field,Text or category,object,1934,0,100.0,54,"Derived, standardized, or labeled in Notebook 2C from retained College Scorecard source fields.",False
8,ZIP,ZIP,"Project-defined descriptive or categorical field for zip, created during data preparation.",Geography,Constructed descriptive field,Identifier,string,1934,0,100.0,1868,"Derived, standardized, or labeled in Notebook 2C from retained College Scorecard source fields.",False
9,CURROPER,CURROPER,"Project-defined analytical measure for curroper, standardized or derived during data preparation.",Institution characteristics,Constructed analytical measure,Numeric value,int64,1934,0,100.0,1,"Derived, standardized, or labeled in Notebook 2C from retained College Scorecard source fields.",False
10,MAIN,MAIN,"Project-defined analytical measure for main, standardized or derived during data preparation.",Institution characteristics,Constructed analytical measure,Numeric value,int64,1934,0,100.0,2,"Derived, standardized, or labeled in Notebook 2C from retained College Scorecard source fields.",False
11,PREDDEG,PREDDEG,"Project-defined analytical measure for preddeg, standardized or derived during data preparation.",Institution characteristics,Constructed analytical measure,Numeric value,int64,1934,0,100.0,1,"Derived, standardized, or labeled in Notebook 2C from retained College Scorecard source fields.",False
12,HIGHDEG,HIGHDEG,"Project-defined analytical measure for highdeg, standardized or derived during data preparation.",Institution characteristics,Constructed analytical measure,Numeric value,int64,1934,0,100.0,3,"Derived, standardized, or labeled in Notebook 2C from retained College Scorecard source fields.",False
13,CONTROL,CONTROL,"Project-defined analytical measure for control, standardized or derived during data preparation.",Institution characteristics,Constructed analytical measure,Numeric value,int64,1934,0,100.0,3,"Derived, standardized, or labeled in Notebook 2C from retained College Scorecard source fields.",False
14,UGDS,Undergraduate enrollment,"Project-defined analytical measure for undergraduate enrollment, standardized or derived during data preparation.",Enrollment and student composition,Constructed analytical measure,Count,float64,1934,0,100.0,1607,"Derived, standardized, or labeled in Notebook 2C from retained College Scorecard source fields.",False
15,REGION,REGION,"Project-defined analytical measure for region, standardized or derived during data preparation.",Geography,Constructed analytical measure,Numeric value,int64,1934,0,100.0,10,"Derived, standardized, or labeled in Notebook 2C from retained College Scorecard source fields.",False
16,LOCALE,LOCALE,"Project-defined analytical measure for locale, standardized or derived during data preparation.",Geography,Constructed analytical measure,Numeric value,float64,1934,0,100.0,12,"Derived, standardized, or labeled in Notebook 2C from retained College Scorecard source fields.",False
17,LATITUDE,LATITUDE,"Project-defined analytical measure for latitude, standardized or derived during data preparation.",Geography,Constructed analytical measure,Decimal degrees,float64,1934,0,100.0,1917,"Derived, standardized, or labeled in Notebook 2C from retained College Scorecard source fields.",False
18,LONGITUDE,Longitude,"Project-defined analytical measure for longitude, standardized or derived during data preparation.",Geography,Constructed analytical measure,Decimal degrees,float64,1934,0,100.0,1916,"Derived, standardized, or labeled in Notebook 2C from retained College Scorecard source fields.",False
19,INSTURL,INSTURL,"Project-defined descriptive or categorical field for insturl, created during data preparation.",Supplemental institution information,Constructed descriptive field,Text or category,object,1934,0,100.0,1868,"Derived, standardized, or labeled in Notebook 2C from retained College Scorecard source fields.",False
20,NPCURL,NPCURL,"Project-defined descriptive or categorical field for npcurl, created during data preparation.",Supplemental institution information,Constructed descriptive field,Text or category,object,1930,4,99.79,1781,"Derived, standardized, or labeled in Notebook 2C from retained College Scorecard source fields.",False
21,ADM_RATE,ADM RATE,"Project-defined analytical measure for adm rate, standardized or derived during data preparation.",Admissions and selectivity,Constructed analytical measure,Proportion (0–1),float64,1585,349,81.95,1353,"Derived, standardized, or labeled in Notebook 2C from retained College Scorecard source fields.",False
22,SAT_AVG,SAT AVG,"Project-defined analytical measure for sat avg, standardized or derived during data preparation.",Admissions and selectivity,Constructed analytical measure,Numeric value,float64,1008,926,52.12,428,"Derived, standardized, or labeled in Notebook 2C from retained College Scorecard source fields.",False
23,COSTT4_A,COSTT4 A,"Project-defined analytical measure for costt4 a, standardized or derived during data preparation.",Affordability,Constructed analytical measure,USD,float64,1761,173,91.05,1714,"Derived, standardized, or labeled in Notebook 2C from retained College Scorecard source fields.",False
24,COSTT4_P,COSTT4 P,"Project-defined analytical measure for costt4 p, standardized or derived during data preparation.",Affordability,Constructed analytical measure,USD,float64,8,1926,0.41,8,"Derived, standardized, or labeled in Notebook 2C from retained College Scorecard source fields.",False
25,NPT4_PUB,NPT4 PUB,"Project-defined analytical measure for npt4 pub, standardized or derived during data preparation.",Affordability,Constructed analytical measure,Numeric value,float64,564,1370,29.16,555,"Derived, standardized, or labeled in Notebook 2C from retained College Scorecard source fields.",False
26,NPT4_PRIV,NPT4 PRIV,"Project-defined analytical measure for npt4 priv, standardized or derived during data preparation.",Affordability,Constructed analytical measure,Numeric value,float64,1205,729,62.31,1180,"Derived, standardized, or labeled in Notebook 2C from retained College Scorecard source fields.",False
27,NPT41_PUB,NPT41 PUB,"Project-defined analytical measure for npt41 pub, standardized or derived during data preparation.",Affordability,Constructed analytical measure,Numeric value,float64,563,1371,29.11,553,"Derived, standardized, or labeled in Notebook 2C from retained College Scorecard source fields.",False
28,NPT41_PRIV,NPT41 PRIV,"Project-defined analytical measure for npt41 priv, standardized or derived during data preparation.",Affordability,Constructed analytical measure,Numeric value,float64,1166,768,60.29,1147,"Derived, standardized, or labeled in Notebook 2C from retained College Scorecard source fields.",False
29,NPT42_PUB,NPT42 PUB,"Project-defined analytical measure for npt42 pub, standardized or derived during data preparation.",Affordability,Constructed analytical measure,Numeric value,float64,559,1375,28.9,547,"Derived, standardized, or labeled in Notebook 2C from retained College Scorecard source fields.",False
30,NPT42_PRIV,NPT42 PRIV,"Project-defined analytical measure for npt42 priv, standardized or derived during data preparation.",Affordability,Constructed analytical measure,Numeric value,float64,1127,807,58.27,1102,"Derived, standardized, or labeled in Notebook 2C from retained College Scorecard source fields.",False
31,NPT43_PUB,NPT43 PUB,"Project-defined analytical measure for npt43 pub, standardized or derived during data preparation.",Affordability,Constructed analytical measure,Numeric value,float64,561,1373,29.01,552,"Derived, standardized, or labeled in Notebook 2C from retained College Scorecard source fields.",False
32,NPT43_PRIV,NPT43 PRIV,"Project-defined analytical measure for npt43 priv, standardized or derived during data preparation.",Affordability,Constructed analytical measure,Numeric value,float64,1105,829,57.14,1077,"Derived, standardized, or labeled in Notebook 2C from retained College Scorecard source fields.",False
33,NPT44_PUB,NPT44 PUB,"Project-defined analytical measure for npt44 pub, standardized or derived during data preparation.",Affordability,Constructed analytical measure,Numeric value,float64,555,1379,28.7,545,"Derived, standardized, or labeled in Notebook 2C from retained College Scorecard source fields.",False
34,NPT44_PRIV,NPT44 PRIV,"Project-defined analytical measure for npt44 priv, standardized or derived during data preparation.",Affordability,Constructed analytical measure,Numeric value,float64,1066,868,55.12,1048,"Derived, standardized, or labeled in Notebook 2C from retained College Scorecard source fields.",False
35,NPT45_PUB,NPT45 PUB,"Project-defined analytical measure for npt45 pub, standardized or derived during data preparation.",Affordability,Constructed analytical measure,Numeric value,float64,549,1385,28.39,539,"Derived, standardized, or labeled in Notebook 2C from retained College Scorecard source fields.",False
36,NPT45_PRIV,NPT45 PRIV,"Project-defined analytical measure for npt45 priv, standardized or derived during data preparation.",Affordability,Constructed analytical measure,Numeric value,float64,1009,925,52.17,990,"Derived, standardized, or labeled in Notebook 2C from retained College Scorecard source fields.",False
37,C100_4,C100 4,"Project-defined analytical measure for c100 4, standardized or derived during data preparation.",Completion and persistence,Constructed analytical measure,Numeric value,float64,1785,149,92.3,1402,"Derived, standardized, or labeled in Notebook 2C from retained College Scorecard source fields.",False
38,C100_4_POOLED,C100 4 POOLED,"Project-defined analytical measure for c100 4 pooled, standardized or derived during data preparation.",Completion and persistence,Constructed analytical measure,Numeric value,float64,1737,197,89.81,1470,"Derived, standardized, or labeled in Notebook 2C from retained College Scorecard source fields.",False
39,C100_4_POOLED_SUPP,C100 4 POOLED SUPP,"Project-defined analytical measure for c100 4 pooled supp, standardized or derived during data preparation.",Completion and persistence,Constructed analytical measure,Numeric value,Float64,1658,276,85.73,1440,"Derived, standardized, or labeled in Notebook 2C from retained College Scorecard source fields.",False
40,C150_4,C150 4,"Project-defined analytical measure for c150 4, standardized or derived during data preparation.",Completion and persistence,Constructed analytical measure,Numeric value,float64,1794,140,92.76,1441,"Derived, standardized, or labeled in Notebook 2C from retained College Scorecard source fields.",False
41,C150_4_POOLED,C150 4 POOLED,"Project-defined analytical measure for c150 4 pooled, standardized or derived during data preparation.",Completion and persistence,Constructed analytical measure,Numeric value,float64,1808,126,93.49,1536,"Derived, standardized, or labeled in Notebook 2C from retained College Scorecard source fields.",False
42,C150_4_POOLED_SUPP,C150 4 POOLED SUPP,"Project-defined analytical measure for c150 4 pooled supp, standardized or derived during data preparation.",Completion and persistence,Constructed analytical measure,Numeric value,Float64,1708,226,88.31,1507,"Derived, standardized, or labeled in Notebook 2C from retained College Scorecard source fields.",False
43,C150_4_PELL,C150 4 Pell,"Project-defined analytical measure for c150 4 pell, standardized or derived during data preparation.",Completion and persistence,Constructed analytical measure,Numeric value,float64,1736,198,89.76,1297,"Derived, standardized, or labeled in Notebook 2C from retained College Scorecard source fields.",False
44,C150_4_PELL_POOLED,C150 4 Pell POOLED,"Project-defined analytical measure for c150 4 pell pooled, standardized or derived during data preparation.",Completion and persistence,Constructed analytical measure,Numeric value,float64,1753,181,90.64,1418,"Derived, standardized, or labeled in Notebook 2C from retained College Scorecard source fields.",False
45,C150_4_PELL_POOLED_SUPP,C150 4 Pell POOLED SUPP,"Project-defined analytical measure for c150 4 pell pooled supp, standardized or derived during data preparation.",Completion and persistence,Constructed analytical measure,Numeric value,Float64,1617,317,83.61,1392,"Derived, standardized, or labeled in Notebook 2C from retained College Scorecard source fields.",False
46,C200_4,C200 4,"Project-defined analytical measure for c200 4, standardized or derived during data preparation.",Completion and persistence,Constructed analytical measure,Numeric value,float64,1767,167,91.37,1437,"Derived, standardized, or labeled in Notebook 2C from retained College Scorecard source fields.",False
47,C200_4_POOLED,C200 4 POOLED,"Project-defined analytical measure for c200 4 pooled, standardized or derived during data preparation.",Completion and persistence,Constructed analytical measure,Numeric value,float64,1771,163,91.57,1498,"Derived, standardized, or labeled in Notebook 2C from retained College Scorecard source fields.",False
48,C200_4_POOLED_SUPP,C200 4 POOLED SUPP,"Project-defined analytical measure for c200 4 pooled supp, standardized or derived during data preparation.",Completion and persistence,Constructed analytical measure,Numeric value,Float64,1679,255,86.81,1468,"Derived, standardized, or labeled in Notebook 2C from retained College Scorecard source fields.",False
49,GRAD_DEBT_MDN,GRAD DEBT MDN,"Project-defined analytical measure for grad debt mdn, standardized or derived during data preparation.",Student debt and repayment,Constructed analytical measure,USD,Int64,1742,192,90.07,711,"Derived, standardized, or labeled in Notebook 2C from retained College Scorecard source fields.",False
50,GRAD_DEBT_MDN_SUPP,GRAD DEBT MDN SUPP,"Project-defined analytical measure for grad debt mdn supp, standardized or derived during data preparation.",Student debt and repayment,Constructed analytical measure,USD,Int64,1718,216,88.83,700,"Derived, standardized, or labeled in Notebook 2C from retained College Scorecard source fields.",False
51,GRAD_DEBT_MDN10YR_SUPP,GRAD DEBT MDN10YR SUPP,"Project-defined analytical measure for grad debt mdn10yr supp, standardized or derived during data preparation.",Student debt and repayment,Constructed analytical measure,USD,Float64,1718,216,88.83,700,"Derived, standardized, or labeled in Notebook 2C from retained College Scorecard source fields.",False
52,GRAD_DEBT_N,GRAD DEBT N,"Project-defined analytical measure for grad debt n, standardized or derived during data preparation.",Student debt and repayment,Constructed analytical measure,USD,Int64,1760,174,91.0,1117,"Derived, standardized, or labeled in Notebook 2C from retained College Scorecard source fields.",False
53,DEBT_MDN_SUPP,DEBT MDN SUPP,"Project-defined analytical measure for debt mdn supp, standardized or derived during data preparation.",Student debt and repayment,Constructed analytical measure,USD,Int64,1768,166,91.42,703,"Derived, standardized, or labeled in Notebook 2C from retained College Scorecard source fields.",False
54,PELL_DEBT_MDN,Pell DEBT MDN,"Project-defined analytical measure for pell debt mdn, standardized or derived during data preparation.",Student debt and repayment,Constructed analytical measure,USD,Int64,1716,218,88.73,758,"Derived, standardized, or labeled in Notebook 2C from retained College Scorecard source fields.",False
55,LO_INC_DEBT_MDN,LO INC DEBT MDN,"Project-defined analytical measure for lo inc debt mdn, standardized or derived during data preparation.",Student debt and repayment,Constructed analytical measure,USD,Int64,1730,204,89.45,805,"Derived, standardized, or labeled in Notebook 2C from retained College Scorecard source fields.",False
56,WDRAW_DEBT_MDN,WDRAW DEBT MDN,"Project-defined analytical measure for wdraw debt mdn, standardized or derived during data preparation.",Student debt and repayment,Constructed analytical measure,USD,Int64,1737,197,89.81,528,"Derived, standardized, or labeled in Notebook 2C from retained College Scorecard source fields.",False
57,MD_EARN_WNE_1YR,MD EARN WNE 1YR,"Project-defined analytical measure for md earn wne 1yr, standardized or derived during data preparation.",Post-college earnings,Constructed analytical measure,USD,float64,1772,162,91.62,1570,"Derived, standardized, or labeled in Notebook 2C from retained College Scorecard source fields.",False
58,MD_EARN_WNE_4YR,MD EARN WNE 4YR,"Project-defined analytical measure for md earn wne 4yr, standardized or derived during data preparation.",Post-college earnings,Constructed analytical measure,USD,Int64,1781,153,92.09,1602,"Derived, standardized, or labeled in Notebook 2C from retained College Scorecard source fields.",False
59,MD_EARN_WNE_5YR,MD EARN WNE 5YR,"Project-defined analytical measure for md earn wne 5yr, standardized or derived during data preparation.",Post-college earnings,Constructed analytical measure,USD,float64,1770,164,91.52,1590,"Derived, standardized, or labeled in Notebook 2C from retained College Scorecard source fields.",False
60,EARN_THR_STATE,EARN THR STATE,"Project-defined analytical measure for earn thr state, standardized or derived during data preparation.",Geography,Constructed analytical measure,USD,float64,1916,18,99.07,33,"Derived, standardized, or labeled in Notebook 2C from retained College Scorecard source fields.",False
61,EARN_THR_NAT,EARN THR NAT,"Project-defined analytical measure for earn thr nat, standardized or derived during data preparation.",Post-college earnings,Constructed analytical measure,USD,float64,1918,16,99.17,1,"Derived, standardized, or labeled in Notebook 2C from retained College Scorecard source fields.",False
62,MDEARN_ALL,MDEARN ALL,"Project-defined analytical measure for mdearn all, standardized or derived during data preparation.",Post-college earnings,Constructed analytical measure,USD,int64,1934,0,100.0,1,"Derived, standardized, or labeled in Notebook 2C from retained College Scorecard source fields.",False
63,MDEARN_PD,MDEARN PD,"Project-defined analytical measure for mdearn pd, standardized or derived during data preparation.",Post-college earnings,Constructed analytical measure,USD,float64,1934,0,100.0,1,"Derived, standardized, or labeled in Notebook 2C from retained College Scorecard source fields.",False
64,PCTPELL,PCTPELL,"Project-defined analytical measure for pctpell, standardized or derived during data preparation.",Socioeconomic access,Constructed analytical measure,Proportion (0–1),float64,1922,12,99.38,1596,"Derived, standardized, or labeled in Notebook 2C from retained College Scorecard source fields.",False
65,PCTFLOAN,PCTFLOAN,"Project-defined analytical measure for pctfloan, standardized or derived during data preparation.",Student debt and repayment,Constructed analytical measure,Proportion (0–1),float64,1922,12,99.38,1597,"Derived, standardized, or labeled in Notebook 2C from retained College Scorecard source fields.",False
66,completion_rate_150_primary,Completion Rate 150 Primary,"Project-defined analytical measure for completion rate 150 primary, standardized or derived during data preparation.",Completion and persistence,Constructed analytical measure,Proportion (0–1),Float64,1794,140,92.76,1441,"Derived, standardized, or labeled in Notebook 2C from retained College Scorecard source fields.",False
67,completion_rate_150_pooled,Completion Rate 150 Pooled,"Project-defined analytical measure for completion rate 150 pooled, standardized or derived during data preparation.",Completion and persistence,Constructed analytical measure,Proportion (0–1),Float64,1808,126,93.49,1536,"Derived, standardized, or labeled in Notebook 2C from retained College Scorecard source fields.",False
68,completion_rate_150_display,Completion Rate 150 Display,"Project-defined analytical measure for completion rate 150 display, standardized or derived during data preparation.",Completion and persistence,Constructed analytical measure,Proportion (0–1),Float64,1808,126,93.49,1443,"Derived, standardized, or labeled in Notebook 2C from retained College Scorecard source fields.",False
69,completion_rate_150_fallback_used,Completion Rate 150 Fallback Used,"Technical field used to validate, document, or trace completion rate 150 fallback used.",Technical validation and provenance,Technical validation field,Boolean,bool,1934,0,100.0,2,"Created in Notebook 2C for validation, provenance, missingness assessment, or technical processing.",True
70,completion_rate_150_source,Completion Rate 150 Source,"Project-defined descriptive or categorical field for completion rate 150 source, created during data preparation.",Completion and persistence,Constructed descriptive field,Text or category,category,1934,0,100.0,3,"Derived, standardized, or labeled in Notebook 2C from retained College Scorecard source fields.",False
71,debt_median_completers,Debt Median Completers,"Project-defined analytical measure for debt median completers, standardized or derived during data preparation.",Student debt and repayment,Constructed analytical measure,USD,Float64,1742,192,90.07,711,"Derived, standardized, or labeled in Notebook 2C from retained College Scorecard source fields.",False
72,debt_completer_borrower_count,Debt Completer Borrower Count,"Project-defined analytical measure for debt completer borrower count, standardized or derived during data preparation.",Student debt and repayment,Constructed analytical measure,USD,Int64,1760,174,91.0,1117,"Derived, standardized, or labeled in Notebook 2C from retained College Scorecard source fields.",False
73,debt_monthly_payment_10yr,Debt Monthly Payment 10yr,"Project-defined analytical measure for debt monthly payment 10yr, standardized or derived during data preparation.",Student debt and repayment,Constructed analytical measure,USD,Float64,1718,216,88.83,700,"Derived, standardized, or labeled in Notebook 2C from retained College Scorecard source fields.",False
74,debt_median_broader_population,Debt Median Broader Population,"Project-defined analytical measure for debt median broader population, standardized or derived during data preparation.",Student debt and repayment,Constructed analytical measure,USD,Float64,1768,166,91.42,703,"Derived, standardized, or labeled in Notebook 2C from retained College Scorecard source fields.",False
75,debt_median_pell_recipients,Debt Median Pell Recipients,"Project-defined analytical measure for debt median pell recipients, standardized or derived during data preparation.",Student debt and repayment,Constructed analytical measure,USD,Float64,1716,218,88.73,758,"Derived, standardized, or labeled in Notebook 2C from retained College Scorecard source fields.",False
76,debt_median_low_income_students,Debt Median Low Income Students,"Project-defined analytical measure for debt median low income students, standardized or derived during data preparation.",Student debt and repayment,Constructed analytical measure,USD,Float64,1730,204,89.45,805,"Derived, standardized, or labeled in Notebook 2C from retained College Scorecard source fields.",False
77,debt_median_withdrawn_students,Debt Median Withdrawn Students,"Project-defined analytical measure for debt median withdrawn students, standardized or derived during data preparation.",Completion and persistence,Constructed analytical measure,USD,Float64,1737,197,89.81,528,"Derived, standardized, or labeled in Notebook 2C from retained College Scorecard source fields.",False
78,debt_completers_status,Debt Completers Status,Processing or validation status associated with debt completers.,Technical validation and provenance,Technical validation field,Text or category,category,1934,0,100.0,2,"Created in Notebook 2C for validation, provenance, missingness assessment, or technical processing.",True
79,debt_borrower_count_context,Debt Borrower Count Context,"Project-defined descriptive or categorical field for debt borrower count context, created during data preparation.",Student debt and repayment,Constructed descriptive field,Text or category,category,1934,0,100.0,4,"Derived, standardized, or labeled in Notebook 2C from retained College Scorecard source fields.",False
80,earnings_median_4yr_primary,Earnings Median 4yr Primary,"Project-defined analytical measure for earnings median 4yr primary, standardized or derived during data preparation.",Post-college earnings,Constructed analytical measure,USD,Float64,1781,153,92.09,1602,"Derived, standardized, or labeled in Notebook 2C from retained College Scorecard source fields.",False
81,earnings_median_1yr,Earnings Median 1yr,"Project-defined analytical measure for earnings median 1yr, standardized or derived during data preparation.",Post-college earnings,Constructed analytical measure,USD,Float64,1772,162,91.62,1570,"Derived, standardized, or labeled in Notebook 2C from retained College Scorecard source fields.",False
82,earnings_median_5yr,Earnings Median 5yr,"Project-defined analytical measure for earnings median 5yr, standardized or derived during data preparation.",Post-college earnings,Constructed analytical measure,USD,Float64,1770,164,91.52,1590,"Derived, standardized, or labeled in Notebook 2C from retained College Scorecard source fields.",False
83,earnings_benchmark_state_hs,Earnings Benchmark State Hs,"Project-defined analytical measure for earnings benchmark state hs, standardized or derived during data preparation.",Geography,Constructed analytical measure,USD,Float64,1916,18,99.07,33,"Derived, standardized, or labeled in Notebook 2C from retained College Scorecard source fields.",False
84,earnings_benchmark_national_hs,Earnings Benchmark National Hs,"Project-defined analytical measure for earnings benchmark national hs, standardized or derived during data preparation.",Post-college earnings,Constructed analytical measure,USD,Float64,1918,16,99.17,1,"Derived, standardized, or labeled in Notebook 2C from retained College Scorecard source fields.",False
85,earnings_4yr_status,Earnings 4yr Status,Processing or validation status associated with earnings 4yr.,Technical validation and provenance,Technical validation field,Text or category,category,1934,0,100.0,2,"Created in Notebook 2C for validation, provenance, missingness assessment, or technical processing.",True
86,earnings_advantage_vs_state,Earnings Advantage Vs State,"Project-defined analytical measure for earnings advantage vs state, standardized or derived during data preparation.",Geography,Constructed analytical measure,USD,Float64,1771,163,91.57,1646,"Derived, standardized, or labeled in Notebook 2C from retained College Scorecard source fields.",False
87,earnings_advantage_vs_national,Earnings Advantage Vs National,"Project-defined analytical measure for earnings advantage vs national, standardized or derived during data preparation.",Post-college earnings,Constructed analytical measure,USD,Float64,1772,162,91.62,1602,"Derived, standardized, or labeled in Notebook 2C from retained College Scorecard source fields.",False
88,earnings_advantage_pct_vs_state,Earnings Advantage Pct Vs State,"Project-defined analytical measure for earnings advantage pct vs state, standardized or derived during data preparation.",Geography,Constructed analytical measure,USD,Float64,1771,163,91.57,1673,"Derived, standardized, or labeled in Notebook 2C from retained College Scorecard source fields.",False
89,earnings_advantage_pct_vs_national,Earnings Advantage Pct Vs National,"Project-defined analytical measure for earnings advantage pct vs national, standardized or derived during data preparation.",Post-college earnings,Constructed analytical measure,USD,Float64,1772,162,91.62,1602,"Derived, standardized, or labeled in Notebook 2C from retained College Scorecard source fields.",False
90,earnings_vs_state_status,Earnings Vs State Status,Processing or validation status associated with earnings vs state.,Technical validation and provenance,Technical validation field,Text or category,category,1934,0,100.0,3,"Created in Notebook 2C for validation, provenance, missingness assessment, or technical processing.",True
91,earnings_vs_national_status,Earnings Vs National Status,Processing or validation status associated with earnings vs national.,Technical validation and provenance,Technical validation field,Text or category,category,1934,0,100.0,3,"Created in Notebook 2C for validation, provenance, missingness assessment, or technical processing.",True
92,net_price_overall,Net Price Overall,"Project-defined analytical measure for net price overall, standardized or derived during data preparation.",Affordability,Constructed analytical measure,USD,Float64,1769,165,91.47,1714,"Derived, standardized, or labeled in Notebook 2C from retained College Scorecard source fields.",False
93,net_price_overall_source,Net Price Overall Source,"Project-defined descriptive or categorical field for net price overall source, created during data preparation.",Affordability,Constructed descriptive field,Text or category,string,1934,0,100.0,4,"Derived, standardized, or labeled in Notebook 2C from retained College Scorecard source fields.",False
94,net_price_overall_alternate_field_used,Net Price Overall Alternate Field Used,"Project-defined analytical measure for net price overall alternate field used, standardized or derived during data preparation.",Affordability,Constructed analytical measure,Boolean,bool,1934,0,100.0,2,"Derived, standardized, or labeled in Notebook 2C from retained College Scorecard source fields.",False
95,net_price_overall_both_fields_populated,Net Price Overall Both Fields Populated,"Project-defined analytical measure for net price overall both fields populated, standardized or derived during data preparation.",Affordability,Constructed analytical measure,Boolean,bool,1934,0,100.0,1,"Derived, standardized, or labeled in Notebook 2C from retained College Scorecard source fields.",False
96,net_price_income_0_30k,Net Price Income 0 30k,"Project-defined analytical measure for net price income 0 30k, standardized or derived during data preparation.",Affordability,Constructed analytical measure,USD,Float64,1729,205,89.4,1688,"Derived, standardized, or labeled in Notebook 2C from retained College Scorecard source fields.",False
97,net_price_income_0_30k_source,Net Price Income 0 30k Source,"Project-defined descriptive or categorical field for net price income 0 30k source, created during data preparation.",Affordability,Constructed descriptive field,Text or category,string,1934,0,100.0,4,"Derived, standardized, or labeled in Notebook 2C from retained College Scorecard source fields.",False
98,net_price_income_0_30k_alternate_field_used,Net Price Income 0 30k Alternate Field Used,"Project-defined analytical measure for net price income 0 30k alternate field used, standardized or derived during data preparation.",Affordability,Constructed analytical measure,Boolean,bool,1934,0,100.0,2,"Derived, standardized, or labeled in Notebook 2C from retained College Scorecard source fields.",False
99,net_price_income_0_30k_both_fields_populated,Net Price Income 0 30k Both Fields Populated,"Project-defined analytical measure for net price income 0 30k both fields populated, standardized or derived during data preparation.",Affordability,Constructed analytical measure,Boolean,bool,1934,0,100.0,1,"Derived, standardized, or labeled in Notebook 2C from retained College Scorecard source fields.",False
100,net_price_income_30_48k,Net Price Income 30 48k,"Project-defined analytical measure for net price income 30 48k, standardized or derived during data preparation.",Affordability,Constructed analytical measure,USD,Float64,1686,248,87.18,1625,"Derived, standardized, or labeled in Notebook 2C from retained College Scorecard source fields.",False
101,net_price_income_30_48k_source,Net Price Income 30 48k Source,"Project-defined descriptive or categorical field for net price income 30 48k source, created during data preparation.",Affordability,Constructed descriptive field,Text or category,string,1934,0,100.0,4,"Derived, standardized, or labeled in Notebook 2C from retained College Scorecard source fields.",False
102,net_price_income_30_48k_alternate_field_used,Net Price Income 30 48k Alternate Field Used,"Project-defined analytical measure for net price income 30 48k alternate field used, standardized or derived during data preparation.",Affordability,Constructed analytical measure,Boolean,bool,1934,0,100.0,2,"Derived, standardized, or labeled in Notebook 2C from retained College Scorecard source fields.",False
103,net_price_income_30_48k_both_fields_populated,Net Price Income 30 48k Both Fields Populated,"Project-defined analytical measure for net price income 30 48k both fields populated, standardized or derived during data preparation.",Affordability,Constructed analytical measure,Boolean,bool,1934,0,100.0,1,"Derived, standardized, or labeled in Notebook 2C from retained College Scorecard source fields.",False
104,net_price_income_48_75k,Net Price Income 48 75k,"Project-defined analytical measure for net price income 48 75k, standardized or derived during data preparation.",Affordability,Constructed analytical measure,USD,Float64,1666,268,86.14,1609,"Derived, standardized, or labeled in Notebook 2C from retained College Scorecard source fields.",False
105,net_price_income_48_75k_source,Net Price Income 48 75k Source,"Project-defined descriptive or categorical field for net price income 48 75k source, created during data preparation.",Affordability,Constructed descriptive field,Text or category,string,1934,0,100.0,4,"Derived, standardized, or labeled in Notebook 2C from retained College Scorecard source fields.",False
106,net_price_income_48_75k_alternate_field_used,Net Price Income 48 75k Alternate Field Used,"Project-defined analytical measure for net price income 48 75k alternate field used, standardized or derived during data preparation.",Affordability,Constructed analytical measure,Boolean,bool,1934,0,100.0,2,"Derived, standardized, or labeled in Notebook 2C from retained College Scorecard source fields.",False
107,net_price_income_48_75k_both_fields_populated,Net Price Income 48 75k Both Fields Populated,"Project-defined analytical measure for net price income 48 75k both fields populated, standardized or derived during data preparation.",Affordability,Constructed analytical measure,Boolean,bool,1934,0,100.0,1,"Derived, standardized, or labeled in Notebook 2C from retained College Scorecard source fields.",False
108,net_price_income_75_110k,Net Price Income 75 110k,"Project-defined analytical measure for net price income 75 110k, standardized or derived during data preparation.",Affordability,Constructed analytical measure,USD,Float64,1621,313,83.82,1572,"Derived, standardized, or labeled in Notebook 2C from retained College Scorecard source fields.",False
109,net_price_income_75_110k_source,Net Price Income 75 110k Source,"Project-defined descriptive or categorical field for net price income 75 110k source, created during data preparation.",Affordability,Constructed descriptive field,Text or category,string,1934,0,100.0,4,"Derived, standardized, or labeled in Notebook 2C from retained College Scorecard source fields.",False
110,net_price_income_75_110k_alternate_field_used,Net Price Income 75 110k Alternate Field Used,"Project-defined analytical measure for net price income 75 110k alternate field used, standardized or derived during data preparation.",Affordability,Constructed analytical measure,Boolean,bool,1934,0,100.0,2,"Derived, standardized, or labeled in Notebook 2C from retained College Scorecard source fields.",False
111,net_price_income_75_110k_both_fields_populated,Net Price Income 75 110k Both Fields Populated,"Project-defined analytical measure for net price income 75 110k both fields populated, standardized or derived during data preparation.",Affordability,Constructed analytical measure,Boolean,bool,1934,0,100.0,1,"Derived, standardized, or labeled in Notebook 2C from retained College Scorecard source fields.",False
112,net_price_income_over_110k,Net Price Income Over 110k,"Project-defined analytical measure for net price income over 110k, standardized or derived during data preparation.",Affordability,Constructed analytical measure,USD,Float64,1558,376,80.56,1514,"Derived, standardized, or labeled in Notebook 2C from retained College Scorecard source fields.",False
113,net_price_income_over_110k_source,Net Price Income Over 110k Source,"Project-defined descriptive or categorical field for net price income over 110k source, created during data preparation.",Affordability,Constructed descriptive field,Text or category,string,1934,0,100.0,4,"Derived, standardized, or labeled in Notebook 2C from retained College Scorecard source fields.",False
114,net_price_income_over_110k_alternate_field_used,Net Price Income Over 110k Alternate Field Used,"Project-defined analytical measure for net price income over 110k alternate field used, standardized or derived during data preparation.",Affordability,Constructed analytical measure,Boolean,bool,1934,0,100.0,2,"Derived, standardized, or labeled in Notebook 2C from retained College Scorecard source fields.",False
115,net_price_income_over_110k_both_fields_populated,Net Price Income Over 110k Both Fields Populated,"Project-defined analytical measure for net price income over 110k both fields populated, standardized or derived during data preparation.",Affordability,Constructed analytical measure,Boolean,bool,1934,0,100.0,1,"Derived, standardized, or labeled in Notebook 2C from retained College Scorecard source fields.",False
116,net_price_overall_status,Net Price Overall Status,Processing or validation status associated with net price overall.,Technical validation and provenance,Technical validation field,Text or category,category,1934,0,100.0,2,"Created in Notebook 2C for validation, provenance, missingness assessment, or technical processing.",True
117,net_price_any_alternate_field_used,Net Price Any Alternate Field Used,"Project-defined analytical measure for net price any alternate field used, standardized or derived during data preparation.",Affordability,Constructed analytical measure,Boolean,bool,1934,0,100.0,2,"Derived, standardized, or labeled in Notebook 2C from retained College Scorecard source fields.",False
118,net_price_any_both_fields_populated,Net Price Any Both Fields Populated,"Project-defined analytical measure for net price any both fields populated, standardized or derived during data preparation.",Affordability,Constructed analytical measure,Boolean,bool,1934,0,100.0,1,"Derived, standardized, or labeled in Notebook 2C from retained College Scorecard source fields.",False
119,net_price_income_groups_available_count,Net Price Income Groups Available Count,"Technical field used to validate, document, or trace net price income groups available count.",Technical validation and provenance,Technical validation field,USD,Int64,1934,0,100.0,6,"Created in Notebook 2C for validation, provenance, missingness assessment, or technical processing.",True
120,net_price_income_profile_status,Net Price Income Profile Status,Processing or validation status associated with net price income profile.,Technical validation and provenance,Technical validation field,Text or category,category,1934,0,100.0,3,"Created in Notebook 2C for validation, provenance, missingness assessment, or technical processing.",True
121,net_price_negative_income_group_count,Net Price Negative Income Group Count,"Project-defined analytical measure for net price negative income group count, standardized or derived during data preparation.",Affordability,Constructed analytical measure,USD,Int64,1934,0,100.0,4,"Derived, standardized, or labeled in Notebook 2C from retained College Scorecard source fields.",False
122,net_price_any_negative_income_group,Net Price Any Negative Income Group,"Project-defined analytical measure for net price any negative income group, standardized or derived during data preparation.",Affordability,Constructed analytical measure,Boolean,boolean,1934,0,100.0,2,"Derived, standardized, or labeled in Notebook 2C from retained College Scorecard source fields.",False
123,published_cost_best_available,Published Cost Best Available,Indicates whether published cost best is available for the institution.,Technical validation and provenance,Technical validation field,USD,Float64,1769,165,91.47,1722,"Created in Notebook 2C for validation, provenance, missingness assessment, or technical processing.",True
124,published_cost_source,Published Cost Source,"Project-defined descriptive or categorical field for published cost source, created during data preparation.",Affordability,Constructed descriptive field,Text or category,category,1934,0,100.0,3,"Derived, standardized, or labeled in Notebook 2C from retained College Scorecard source fields.",False
125,published_cost_program_year_fallback_used,Published Cost Program Year Fallback Used,"Technical field used to validate, document, or trace published cost program year fallback used.",Technical validation and provenance,Technical validation field,Boolean,bool,1934,0,100.0,2,"Created in Notebook 2C for validation, provenance, missingness assessment, or technical processing.",True
126,published_cost_both_formats_available,Published Cost Both Formats Available,Indicates whether published cost both formats is available for the institution.,Technical validation and provenance,Technical validation field,Boolean,bool,1934,0,100.0,1,"Created in Notebook 2C for validation, provenance, missingness assessment, or technical processing.",True
127,published_cost_status,Published Cost Status,Processing or validation status associated with published cost.,Technical validation and provenance,Technical validation field,Text or category,category,1934,0,100.0,2,"Created in Notebook 2C for validation, provenance, missingness assessment, or technical processing.",True
128,published_cost_comparability_note,Published Cost Comparability Note,"Project-defined descriptive or categorical field for published cost comparability note, created during data preparation.",Affordability,Constructed descriptive field,Text or category,string,1934,0,100.0,3,"Derived, standardized, or labeled in Notebook 2C from retained College Scorecard source fields.",False
129,pell_share_primary,Pell Share Primary,"Project-defined analytical measure for pell share primary, standardized or derived during data preparation.",Socioeconomic access,Constructed analytical measure,Proportion (0–1),Float64,1922,12,99.38,1596,"Derived, standardized, or labeled in Notebook 2C from retained College Scorecard source fields.",False
130,pell_share_percent,Pell Share Percent,"Project-defined analytical measure for pell share percent, standardized or derived during data preparation.",Socioeconomic access,Constructed analytical measure,Percent,Float64,1922,12,99.38,1596,"Derived, standardized, or labeled in Notebook 2C from retained College Scorecard source fields.",False
131,pell_share_status,Pell Share Status,Processing or validation status associated with pell share.,Technical validation and provenance,Technical validation field,Text or category,category,1934,0,100.0,2,"Created in Notebook 2C for validation, provenance, missingness assessment, or technical processing.",True
132,pell_share_band,Pell Share Band,Categorical analytical band derived from pell share.,Socioeconomic access,Constructed analytical band,Category,category,1922,12,99.38,5,"Derived, standardized, or labeled in Notebook 2C from retained College Scorecard source fields.",False
133,pell_boundary_value_flag,Pell Boundary Value Flag,Validation or classification flag associated with pell boundary value.,Technical validation and provenance,Technical validation field,Boolean,boolean,1934,0,100.0,2,"Created in Notebook 2C for validation, provenance, missingness assessment, or technical processing.",True
134,pell_boundary_value_type,Pell Boundary Value Type,"Project-defined descriptive or categorical field for pell boundary value type, created during data preparation.",Socioeconomic access,Constructed descriptive field,Text or category,category,1934,0,100.0,4,"Derived, standardized, or labeled in Notebook 2C from retained College Scorecard source fields.",False
135,pell_interpretation_note,Pell Interpretation Note,"Project-defined descriptive or categorical field for pell interpretation note, created during data preparation.",Socioeconomic access,Constructed descriptive field,Text or category,string,1934,0,100.0,4,"Derived, standardized, or labeled in Notebook 2C from retained College Scorecard source fields.",False
136,admission_rate_primary,Admission Rate Primary,"Project-defined analytical measure for admission rate primary, standardized or derived during data preparation.",Admissions and selectivity,Constructed analytical measure,Proportion (0–1),Float64,1585,349,81.95,1353,"Derived, standardized, or labeled in Notebook 2C from retained College Scorecard source fields.",False
137,admission_rate_percent,Admission Rate Percent,"Project-defined analytical measure for admission rate percent, standardized or derived during data preparation.",Admissions and selectivity,Constructed analytical measure,Percent,Float64,1585,349,81.95,1353,"Derived, standardized, or labeled in Notebook 2C from retained College Scorecard source fields.",False
138,admission_rate_status,Admission Rate Status,Processing or validation status associated with admission rate.,Technical validation and provenance,Technical validation field,Text or category,string,1934,0,100.0,2,"Created in Notebook 2C for validation, provenance, missingness assessment, or technical processing.",True
139,admission_rate_validation_status,Admission Rate Validation Status,Processing or validation status associated with admission rate validation.,Technical validation and provenance,Technical validation field,Text or category,string,1934,0,100.0,2,"Created in Notebook 2C for validation, provenance, missingness assessment, or technical processing.",True
140,admission_rate_band,Admission Rate Band,Categorical analytical band derived from admission rate.,Admissions and selectivity,Constructed analytical band,Category,string,1934,0,100.0,6,"Derived, standardized, or labeled in Notebook 2C from retained College Scorecard source fields.",False
141,admission_rate_band_order,Admission Rate Band Order,"Project-defined analytical measure for admission rate band order, standardized or derived during data preparation.",Admissions and selectivity,Constructed analytical measure,Percent,Int64,1934,0,100.0,6,"Derived, standardized, or labeled in Notebook 2C from retained College Scorecard source fields.",False
142,admission_rate_reported_100_flag,Admission Rate Reported 100 Flag,Validation or classification flag associated with admission rate reported 100.,Technical validation and provenance,Technical validation field,Boolean,boolean,1585,349,81.95,2,"Created in Notebook 2C for validation, provenance, missingness assessment, or technical processing.",True
143,admission_rate_interpretation_note,Admission Rate Interpretation Note,"Project-defined descriptive or categorical field for admission rate interpretation note, created during data preparation.",Admissions and selectivity,Constructed descriptive field,Text or category,string,1934,0,100.0,2,"Derived, standardized, or labeled in Notebook 2C from retained College Scorecard source fields.",False
144,sat_average_context,SAT Average Context,"Project-defined analytical measure for sat average context, standardized or derived during data preparation.",Admissions and selectivity,Constructed analytical measure,Numeric value,Float64,1008,926,52.12,428,"Derived, standardized, or labeled in Notebook 2C from retained College Scorecard source fields.",False
145,sat_average_status,SAT Average Status,Processing or validation status associated with sat average.,Technical validation and provenance,Technical validation field,Text or category,string,1934,0,100.0,2,"Created in Notebook 2C for validation, provenance, missingness assessment, or technical processing.",True
146,sat_average_validation_status,SAT Average Validation Status,Processing or validation status associated with sat average validation.,Technical validation and provenance,Technical validation field,Text or category,string,1934,0,100.0,2,"Created in Notebook 2C for validation, provenance, missingness assessment, or technical processing.",True
147,sat_interpretation_note,SAT Interpretation Note,"Project-defined descriptive or categorical field for sat interpretation note, created during data preparation.",Admissions and selectivity,Constructed descriptive field,Text or category,string,1934,0,100.0,2,"Derived, standardized, or labeled in Notebook 2C from retained College Scorecard source fields.",False
148,admissions_profile_availability,Admissions Profile Availability,Records the availability status of admissions profile.,Technical validation and provenance,Technical validation field,Text or category,string,1934,0,100.0,3,"Created in Notebook 2C for validation, provenance, missingness assessment, or technical processing.",True
149,institution_control_label,Institution control,"Human-readable institutional control category: public, private nonprofit, or private for-profit.",Institution characteristics,Constructed category label,Category,string,1934,0,100.0,3,Derived from the College Scorecard CONTROL field.,False
150,institution_control_order,Institution Control Order,"Project-defined analytical measure for institution control order, standardized or derived during data preparation.",Institution characteristics,Constructed analytical measure,Numeric value,Int64,1934,0,100.0,3,"Derived, standardized, or labeled in Notebook 2C from retained College Scorecard source fields.",False
151,institution_control_validation_status,Institution Control Validation Status,Processing or validation status associated with institution control validation.,Technical validation and provenance,Technical validation field,Text or category,string,1934,0,100.0,1,"Created in Notebook 2C for validation, provenance, missingness assessment, or technical processing.",True
152,main_campus_flag,Main Campus Flag,Validation or classification flag associated with main campus.,Technical validation and provenance,Technical validation field,Boolean,boolean,1934,0,100.0,2,"Created in Notebook 2C for validation, provenance, missingness assessment, or technical processing.",True
153,campus_status_label,Campus Status Label,Human-readable category label for campus status.,Technical validation and provenance,Technical validation field,Category,string,1934,0,100.0,2,"Created in Notebook 2C for validation, provenance, missingness assessment, or technical processing.",True
154,campus_status_order,Campus Status Order,"Technical field used to validate, document, or trace campus status order.",Technical validation and provenance,Technical validation field,Numeric value,Int64,1934,0,100.0,2,"Created in Notebook 2C for validation, provenance, missingness assessment, or technical processing.",True
155,campus_status_validation_status,Campus Status Validation Status,Processing or validation status associated with campus status validation.,Technical validation and provenance,Technical validation field,Text or category,string,1934,0,100.0,1,"Created in Notebook 2C for validation, provenance, missingness assessment, or technical processing.",True
156,region_label,Region Label,Human-readable category label for region.,Geography,Constructed category label,Category,string,1934,0,100.0,10,"Derived, standardized, or labeled in Notebook 2C from retained College Scorecard source fields.",False
157,region_order,Region Order,"Project-defined analytical measure for region order, standardized or derived during data preparation.",Geography,Constructed analytical measure,Numeric value,Int64,1934,0,100.0,10,"Derived, standardized, or labeled in Notebook 2C from retained College Scorecard source fields.",False
158,region_validation_status,Region Validation Status,Processing or validation status associated with region validation.,Technical validation and provenance,Technical validation field,Text or category,string,1934,0,100.0,1,"Created in Notebook 2C for validation, provenance, missingness assessment, or technical processing.",True
159,locale_detailed_label,Locale Detailed Label,Human-readable category label for locale detailed.,Geography,Constructed category label,Category,string,1934,0,100.0,12,"Derived, standardized, or labeled in Notebook 2C from retained College Scorecard source fields.",False
160,locale_detailed_order,Locale Detailed Order,"Project-defined analytical measure for locale detailed order, standardized or derived during data preparation.",Geography,Constructed analytical measure,Numeric value,Int64,1934,0,100.0,12,"Derived, standardized, or labeled in Notebook 2C from retained College Scorecard source fields.",False
161,locale_type_label,Locale Type Label,Human-readable category label for locale type.,Geography,Constructed category label,Category,string,1934,0,100.0,4,"Derived, standardized, or labeled in Notebook 2C from retained College Scorecard source fields.",False
162,locale_type_order,Locale Type Order,"Project-defined analytical measure for locale type order, standardized or derived during data preparation.",Geography,Constructed analytical measure,Numeric value,Int64,1934,0,100.0,4,"Derived, standardized, or labeled in Notebook 2C from retained College Scorecard source fields.",False
163,locale_subtype_label,Locale Subtype Label,Human-readable category label for locale subtype.,Geography,Constructed category label,Category,string,1934,0,100.0,6,"Derived, standardized, or labeled in Notebook 2C from retained College Scorecard source fields.",False
164,locale_subtype_order_within_type,Locale Subtype Order Within Type,"Project-defined analytical measure for locale subtype order within type, standardized or derived during data preparation.",Geography,Constructed analytical measure,Numeric value,Int64,1934,0,100.0,3,"Derived, standardized, or labeled in Notebook 2C from retained College Scorecard source fields.",False
165,locale_validation_status,Locale Validation Status,Processing or validation status associated with locale validation.,Technical validation and provenance,Technical validation field,Text or category,string,1934,0,100.0,1,"Created in Notebook 2C for validation, provenance, missingness assessment, or technical processing.",True
166,city_state_label,City State Label,Human-readable category label for city state.,Geography,Constructed category label,Category,string,1934,0,100.0,1204,"Derived, standardized, or labeled in Notebook 2C from retained College Scorecard source fields.",False
167,mapping_coordinates_available_flag,Mapping Coordinates Available Flag,Validation or classification flag associated with mapping coordinates available.,Technical validation and provenance,Technical validation field,Boolean,boolean,1934,0,100.0,1,"Created in Notebook 2C for validation, provenance, missingness assessment, or technical processing.",True
168,coordinate_validation_status,Coordinate Validation Status,Processing or validation status associated with coordinate validation.,Technical validation and provenance,Technical validation field,Text or category,string,1934,0,100.0,1,"Created in Notebook 2C for validation, provenance, missingness assessment, or technical processing.",True
169,undergraduate_enrollment_primary,Undergraduate Enrollment Primary,"Project-defined analytical measure for undergraduate enrollment primary, standardized or derived during data preparation.",Enrollment and student composition,Constructed analytical measure,Count,Int64,1934,0,100.0,1607,"Derived, standardized, or labeled in Notebook 2C from retained College Scorecard source fields.",False
170,undergraduate_enrollment_status,Undergraduate Enrollment Status,Processing or validation status associated with undergraduate enrollment.,Technical validation and provenance,Technical validation field,Text or category,string,1934,0,100.0,1,"Created in Notebook 2C for validation, provenance, missingness assessment, or technical processing.",True
171,undergraduate_enrollment_validation_status,Undergraduate Enrollment Validation Status,Processing or validation status associated with undergraduate enrollment validation.,Technical validation and provenance,Technical validation field,Text or category,string,1934,0,100.0,1,"Created in Notebook 2C for validation, provenance, missingness assessment, or technical processing.",True
172,undergraduate_enrollment_size_band,Undergraduate Enrollment Size Band,Categorical analytical band derived from undergraduate enrollment size.,Enrollment and student composition,Constructed analytical band,Category,string,1934,0,100.0,5,"Derived, standardized, or labeled in Notebook 2C from retained College Scorecard source fields.",False
173,undergraduate_enrollment_size_band_order,Undergraduate Enrollment Size Band Order,"Project-defined analytical measure for undergraduate enrollment size band order, standardized or derived during data preparation.",Enrollment and student composition,Constructed analytical measure,Count,Int64,1934,0,100.0,5,"Derived, standardized, or labeled in Notebook 2C from retained College Scorecard source fields.",False
174,undergraduate_enrollment_interpretation_note,Undergraduate Enrollment Interpretation Note,"Project-defined descriptive or categorical field for undergraduate enrollment interpretation note, created during data preparation.",Enrollment and student composition,Constructed descriptive field,Text or category,string,1934,0,100.0,1,"Derived, standardized, or labeled in Notebook 2C from retained College Scorecard source fields.",False
